<ImportExportXml xmlns:xsi="http://www.w3.org/2001/XMLSchema-instance">
  <Entities></Entities>
  <Roles></Roles>
  <Workflows></Workflows>
  <FieldSecurityProfiles></FieldSecurityProfiles>
  <Templates />
  <EntityMaps />
  <EntityRelationships />
  <OrganizationSettings />
  <optionsets />
  <CustomControls>
    <CustomControl>
      <Name>r2p_R2Power.SelectableDraggableSVG</Name>
      <FileName>/Controls/r2p_R2Power.SelectableDraggableSVG/ControlManifest.xml</FileName>
    </CustomControl>
    <CustomControl>
      <Name>r2p_R2Power.SelectSVG</Name>
      <FileName>/Controls/r2p_R2Power.SelectSVG/ControlManifest.xml</FileName>
    </CustomControl>
  </CustomControls>
  <EntityDataProviders />
  <CanvasApps>
    <CanvasApp>
      <Name>r2p_selectsvgdemo_62500</Name>
      <AppVersion>2022-02-05T22:09:54Z</AppVersion>
      <Status>Ready</Status>
      <CreatedByClientVersion>3.22014.14.0</CreatedByClientVersion>
      <MinClientVersion>3.22014.14.0</MinClientVersion>
      <Tags>{"primaryDeviceWidth":"1366","primaryDeviceHeight":"768","sienaVersion":"7d2670d3-797e-475b-9ff6-0ba55624a7e1","deviceCapabilities":"","supportsPortrait":"false","supportsLandscape":"true","primaryFormFactor":"Tablet","publisherVersion":"3.22014.14","minimumRequiredApiVersion":"2.2.0","hasComponent":"true","hasUnlockedComponent":"true","isUnifiedRootApp":"false"}</Tags>
      <IsCdsUpgraded>0</IsCdsUpgraded>
      <GalleryItemId xsi:nil="true"></GalleryItemId>
      <BackgroundColor>rgba(40, 87, 15, 1)</BackgroundColor>
      <DisplayName>SelectSVG demo</DisplayName>
      <Description>You should update the App "OnStart" settings to your company's branding design &amp; use as a starting app for all future apps.</Description>
      <CommitMessage xsi:nil="true"></CommitMessage>
      <Publisher xsi:nil="true"></Publisher>
      <AuthorizationReferences>[]</AuthorizationReferences>
      <ConnectionReferences>{"5d12b87e-225c-44a9-9a2b-e8fff7e3760d":{"id":"/providers/microsoft.powerapps/apis/shared_office365users","displayName":"Office 365 Users","iconUri":"https://connectoricons-prod.azureedge.net/releases/v1.0.1528/1.0.1528.2589/office365users/icon.png","dataSources":["Office365Users"],"dependencies":[],"dependents":[],"parameterHints":{},"parameterHintsV2":{},"isOnPremiseConnection":false,"bypassConsent":false,"dataSets":{},"apiTier":"Standard","actions":["MyProfile"]}}</ConnectionReferences>
      <DatabaseReferences>{"default.cds":{"databaseDetails":{"referenceType":"Environmental","environmentName":"default.cds","overrideValues":{"status":"NotSpecified"}},"dataSources":{},"components":[{"componentName":"CustomControl","identifier":"r2p_R2Power.SelectSVG","identifierType":"LogicalName","capabilities":{"pcfExternalServiceUsageAllowed":false}},{"componentName":"CustomControl","identifier":"r2p_R2Power.SelectSVG","identifierType":"LogicalName","capabilities":{"pcfExternalServiceUsageAllowed":false}},{"componentName":"CustomControl","identifier":"r2p_R2Power.SelectSVG","identifierType":"LogicalName","capabilities":{"pcfExternalServiceUsageAllowed":false}},{"componentName":"CustomControl","identifier":"r2p_R2Power.SelectSVG","identifierType":"LogicalName","capabilities":{"pcfExternalServiceUsageAllowed":false}},{"componentName":"CustomControl","identifier":"r2p_R2Power.SelectSVG","identifierType":"LogicalName","capabilities":{"pcfExternalServiceUsageAllowed":false}},{"componentName":"CustomControl","identifier":"r2p_R2Power.SelectSVG","identifierType":"LogicalName","capabilities":{"pcfExternalServiceUsageAllowed":false}}]}}</DatabaseReferences>
      <AppComponents>[]</AppComponents>
      <AppComponentDependencies>[]</AppComponentDependencies>
      <CanConsumeAppPass>1</CanConsumeAppPass>
      <CanvasAppType>0</CanvasAppType>
      <BypassConsent>0</BypassConsent>
      <AdminControlBypassConsent>0</AdminControlBypassConsent>
      <EmbeddedApp xsi:nil="true"></EmbeddedApp>
      <IntroducedVersion>1.0</IntroducedVersion>
      <CdsDependencies>{"cdsdependencies":[{"dependencyid":"","logicalname":"r2p_R2Power.SelectSVG","componenttype":66,"componenttypeplatformname":"CustomControl"},{"dependencyid":"","logicalname":"r2p_R2Power.SelectSVG","componenttype":66,"componenttypeplatformname":"CustomControl"},{"dependencyid":"","logicalname":"r2p_R2Power.SelectSVG","componenttype":66,"componenttypeplatformname":"CustomControl"},{"dependencyid":"","logicalname":"r2p_R2Power.SelectSVG","componenttype":66,"componenttypeplatformname":"CustomControl"},{"dependencyid":"","logicalname":"r2p_R2Power.SelectSVG","componenttype":66,"componenttypeplatformname":"CustomControl"},{"dependencyid":"","logicalname":"r2p_R2Power.SelectSVG","componenttype":66,"componenttypeplatformname":"CustomControl"}]}</CdsDependencies>
      <IsCustomizable>1</IsCustomizable>
      <BackgroundImageUri>/CanvasApps/r2p_selectsvgdemo_62500_BackgroundImageUri</BackgroundImageUri>
      <DocumentUri>/CanvasApps/r2p_selectsvgdemo_62500_DocumentUri.msapp</DocumentUri>
    </CanvasApp>
    <CanvasApp>
      <Name>r2p_powerappsccdemo_52168</Name>
      <AppVersion>2022-02-13T19:24:55Z</AppVersion>
      <Status>Ready</Status>
      <CreatedByClientVersion>3.22014.14.0</CreatedByClientVersion>
      <MinClientVersion>3.22014.14.0</MinClientVersion>
      <Tags>{"primaryDeviceWidth":"1366","primaryDeviceHeight":"768","sienaVersion":"20220213T192455Z-3.22015.25.0","deviceCapabilities":"","supportsPortrait":"false","supportsLandscape":"true","primaryFormFactor":"Tablet","publisherVersion":"3.22014.14","minimumRequiredApiVersion":"2.2.0","hasComponent":"true","hasUnlockedComponent":"true","isUnifiedRootApp":"false"}</Tags>
      <IsCdsUpgraded>0</IsCdsUpgraded>
      <GalleryItemId xsi:nil="true"></GalleryItemId>
      <BackgroundColor>rgba(40, 87, 15, 1)</BackgroundColor>
      <DisplayName>PowerApps CC - demo</DisplayName>
      <Description>You should update the App "OnStart" settings to your company's branding design &amp; use as a starting app for all future apps.</Description>
      <CommitMessage xsi:nil="true"></CommitMessage>
      <Publisher xsi:nil="true"></Publisher>
      <AuthorizationReferences>[]</AuthorizationReferences>
      <ConnectionReferences>{"5d12b87e-225c-44a9-9a2b-e8fff7e3760d":{"id":"/providers/microsoft.powerapps/apis/shared_office365users","displayName":"Office 365 Users","iconUri":"https://connectoricons-prod.azureedge.net/releases/v1.0.1528/1.0.1528.2589/office365users/icon.png","dataSources":["Office365Users"],"dependencies":[],"dependents":[],"parameterHints":{},"parameterHintsV2":{},"isOnPremiseConnection":false,"bypassConsent":false,"dataSets":{},"apiTier":"Standard","actions":["MyProfile"]},"f2d30f53-d46e-4dde-a748-6d463c38dd0a":{"id":"/providers/microsoft.powerapps/apis/shared_bingmaps","displayName":"Bing Maps","iconUri":"https://connectoricons-prod.azureedge.net/releases/v1.0.1538/1.0.1538.2619/bingmaps/icon.png","dataSources":["BingMaps"],"dependencies":[],"dependents":[],"parameterHints":{},"parameterHintsV2":{},"isOnPremiseConnection":false,"sharedConnectionId":"4f0568ca-977d-4e49-ba84-b339238bdace","bypassConsent":false,"dataSets":{},"apiTier":"Standard","actions":["GetLocationByAddress"]}}</ConnectionReferences>
      <DatabaseReferences>{"default.cds":{"databaseDetails":{"referenceType":"Environmental","environmentName":"default.cds","overrideValues":{"status":"NotSpecified"}},"dataSources":{},"components":[{"componentName":"CustomControl","identifier":"r2p_R2Power.SelectSVG","identifierType":"LogicalName","capabilities":{"pcfExternalServiceUsageAllowed":false}},{"componentName":"CustomControl","identifier":"r2p_R2Power.SelectSVG","identifierType":"LogicalName","capabilities":{"pcfExternalServiceUsageAllowed":false}},{"componentName":"CustomControl","identifier":"r2p_R2Power.SelectableDraggableSVG","identifierType":"LogicalName","capabilities":{"pcfExternalServiceUsageAllowed":false}},{"componentName":"CustomControl","identifier":"r2p_R2Power.SelectSVG","identifierType":"LogicalName","capabilities":{"pcfExternalServiceUsageAllowed":false}},{"componentName":"CustomControl","identifier":"r2p_R2Power.SelectableDraggableSVG","identifierType":"LogicalName","capabilities":{"pcfExternalServiceUsageAllowed":false}},{"componentName":"CustomControl","identifier":"r2p_R2Power.SelectableDraggableSVG","identifierType":"LogicalName","capabilities":{"pcfExternalServiceUsageAllowed":false}}]}}</DatabaseReferences>
      <AppComponents>[]</AppComponents>
      <AppComponentDependencies>[]</AppComponentDependencies>
      <CanConsumeAppPass>1</CanConsumeAppPass>
      <CanvasAppType>0</CanvasAppType>
      <BypassConsent>0</BypassConsent>
      <AdminControlBypassConsent>0</AdminControlBypassConsent>
      <EmbeddedApp xsi:nil="true"></EmbeddedApp>
      <IntroducedVersion>1.0</IntroducedVersion>
      <CdsDependencies>{"cdsdependencies":[{"dependencyid":"","logicalname":"r2p_R2Power.SelectSVG","componenttype":66,"componenttypeplatformname":"CustomControl"},{"dependencyid":"","logicalname":"r2p_R2Power.SelectSVG","componenttype":66,"componenttypeplatformname":"CustomControl"},{"dependencyid":"","logicalname":"r2p_R2Power.SelectableDraggableSVG","componenttype":66,"componenttypeplatformname":"CustomControl"},{"dependencyid":"","logicalname":"r2p_R2Power.SelectSVG","componenttype":66,"componenttypeplatformname":"CustomControl"},{"dependencyid":"","logicalname":"r2p_R2Power.SelectableDraggableSVG","componenttype":66,"componenttypeplatformname":"CustomControl"},{"dependencyid":"","logicalname":"r2p_R2Power.SelectableDraggableSVG","componenttype":66,"componenttypeplatformname":"CustomControl"}]}</CdsDependencies>
      <IsCustomizable>1</IsCustomizable>
      <BackgroundImageUri>/CanvasApps/r2p_powerappsccdemo_52168_BackgroundImageUri</BackgroundImageUri>
      <DocumentUri>/CanvasApps/r2p_powerappsccdemo_52168_DocumentUri.msapp</DocumentUri>
    </CanvasApp>
  </CanvasApps>
  <Languages>
    <Language>1031</Language>
  </Languages>
</ImportExportXml>