<manifest><control namespace="R2Power" constructor="SelectableDraggableSVG" version="0.1.0" display-name-key="SelectableDraggableSVG" description-key="Makes SVG Objects Selectable and Draggable" control-type="standard" api-version="1.3.3"><property name="svg" display-name-key="svg_Display_Key" description-key="SVG content" of-type="Multiple" usage="input" required="true" /><property name="operationMode" display-name-key="operation_mode" description-key="choose none/select/drag/1point/2points" of-type="SingleLine.Text" usage="input" required="true" /><property name="showDebug" display-name-key="show_debug" description-key="Show debug message? yes/no" of-type="SingleLine.Text" usage="input" required="true" /><property name="useFill" display-name-key="use_fill" description-key="Use the fill colors in here? yes/no" of-type="SingleLine.Text" usage="input" required="true" /><property name="fill" display-name-key="fill_color" description-key="Color of every selectable object" of-type="SingleLine.Text" usage="input" required="false" /><property name="fillSelected" display-name-key="selectedFill_color" description-key="Color of the selected object" of-type="SingleLine.Text" usage="input" required="false" /><property name="MeasureMode" display-name-key="measure_mode" description-key="Which object while measuring? none/line/rect/circle" of-type="SingleLine.Text" usage="input" required="false" /><property name="svgWidth" display-name-key="svg_width" description-key="width" of-type="Whole.None" usage="input" required="true" /><property name="svgHeight" display-name-key="svg_height" description-key="height" of-type="Whole.None" usage="input" required="true" /><property name="selectedID" display-name-key="selectedID" description-key="Selected SVG ID" of-type="SingleLine.Text" usage="bound" required="false" /><property name="x1" display-name-key="first_point_x" description-key="First Selected x-Coordinate" of-type="Decimal" usage="output" required="false" /><property name="y1" display-name-key="first_point_y" description-key="First Selected y-Coordinate" of-type="Decimal" usage="output" required="false" /><property name="x2" display-name-key="second_point_x" description-key="Second Selected x-Coordinate" of-type="Decimal" usage="output" required="false" /><property name="y2" display-name-key="second_point_y" description-key="Second Selected y-Coordinate" of-type="Decimal" usage="output" required="false" /><resources><code path="bundle.js" order="1" /><css path="css/style.css" order="2" /></resources><built-by name="pac" version="1.10.4" /></control></manifest>